,Macro Index,hawkish,dovish
Macro Index,1.0,0.0054175653324813,0.0053848779554297
hawkish,0.0054175653324813,1.0,0.0982017793764351
dovish,0.0053848779554297,0.0982017793764351,1.0
