,Macro Index,hawkish,dovish
Macro Index,1.0,0.005417565332481388,0.005384877955429761
hawkish,0.005417565332481388,1.0,0.09820177937643519
dovish,0.005384877955429761,0.09820177937643519,1.0
